Wavelength,Dark,365,385,400,420,433,450,505,530,590
649.9442749,0.003085411,0.003086427,0.002926957,0.002954139,0.002975459,0.003007284,0.002842293,0.002523485,0.00315552,0.002746261
649.0681152,0.003103765,0.003000142,0.003161335,0.003022481,0.003151374,0.003241288,0.003082699,0.00278625,0.00327162,0.003217765
648.0456543,0.004083572,0.004131603,0.003411701,0.003442541,0.00386118,0.00364347,0.004024417,0.003573725,0.003630914,0.003899521
647.0228271,0.003532046,0.003639946,0.003794142,0.003619977,0.003585679,0.003371551,0.003580302,0.003431818,0.003554829,0.0031514
645.9997559,0.003380577,0.003314161,0.003465555,0.003143421,0.003455431,0.003486952,0.003097612,0.003254198,0.003319196,0.003489013
644.9763184,0.003393126,0.003286643,0.003399726,0.003440584,0.003515109,0.003671402,0.003375151,0.003513491,0.003566783,0.003406014
643.9526367,0.003705602,0.00346532,0.003408258,0.003640807,0.003867709,0.003985881,0.003797485,0.003440924,0.004060264,0.003676858
642.9285889,0.003106267,0.003184542,0.003278767,0.003299815,0.002959169,0.002961619,0.00307042,0.002895554,0.00283445,0.002879607
642.0505981,0.003381855,0.003424408,0.003873481,0.003462893,0.004186983,0.003932825,0.00329739,0.003538909,0.003405727,0.00368187
641.026062,0.003598416,0.003304458,0.003919425,0.003579337,0.003871131,0.003530793,0.003729465,0.003288965,0.003428086,0.003415902
640.0011597,0.003045707,0.002979369,0.003059993,0.003335577,0.003206473,0.003314709,0.003022533,0.003163238,0.003328586,0.002686402
638.9759521,0.003872358,0.003561511,0.003667564,0.003554072,0.003751946,0.003555978,0.003577849,0.003482829,0.003646419,0.003559371
637.9505005,0.004152066,0.004049316,0.004140201,0.003976424,0.004143415,0.004325294,0.00408791,0.003886096,0.004282209,0.004177678
637.0712891,0.003683228,0.003966549,0.003336099,0.003396596,0.003729308,0.003567514,0.00362953,0.003626424,0.003835403,0.00380276
636.0452271,0.003647307,0.003830284,0.003399283,0.003664614,0.0037826,0.003597451,0.003541076,0.003743669,0.003730405,0.003434948
635.0188599,0.003611572,0.004037611,0.003845275,0.003980029,0.003890432,0.003798373,0.003912999,0.004071892,0.003978592,0.003761084
633.9922485,0.004200078,0.004303595,0.003965609,0.004338341,0.004230712,0.004012842,0.003798112,0.003928985,0.004281765,0.004660525
632.965271,0.003917858,0.004354865,0.003777221,0.004305477,0.004027212,0.003907619,0.004174254,0.004261139,0.003988911,0.004248853
631.9380493,0.003592596,0.004061779,0.003561981,0.003884764,0.003905581,0.003848879,0.003774062,0.003876955,0.003894898,0.003782287
631.057312,0.003312936,0.003414598,0.003296946,0.003113333,0.003265595,0.003487917,0.003630183,0.003082491,0.003284635,0.003167384
630.029541,0.003966131,0.003907854,0.003920548,0.003878522,0.003832896,0.003448464,0.003676675,0.003700276,0.003950405,0.00392363
629.0014038,0.003823729,0.004150132,0.003847077,0.004222818,0.003990008,0.004259335,0.003879959,0.003619977,0.004058644,0.003686491
627.9730225,0.003621621,0.003878679,0.003907958,0.003910675,0.003521555,0.003977469,0.003594188,0.003855095,0.003721632,0.003647829
626.9443359,0.004134164,0.003796466,0.004167851,0.004341452,0.004113153,0.00411344,0.004171588,0.003548435,0.003974099,0.004167537
626.0623779,0.00358795,0.003971225,0.003730718,0.003642765,0.003490214,0.004122273,0.003675683,0.0033265,0.003790356,0.003972662
625.0331421,0.004075889,0.004066195,0.003930135,0.004245847,0.004396362,0.004262446,0.003855225,0.003976215,0.004269217,0.003539823
624.0036011,0.00384154,0.00441404,0.003940505,0.003966915,0.004099198,0.003731058,0.004109703,0.003813649,0.004002915,0.003923134
622.9738159,0.003985306,0.004417622,0.004738426,0.004374685,0.004713617,0.003911275,0.004115505,0.004287673,0.004159828,0.003775289
621.9436646,0.003757507,0.004236619,0.003693566,0.003908036,0.004079522,0.004202508,0.003806468,0.004314836,0.003670984,0.003896544
621.0604858,0.003640807,0.00430051,0.00446671,0.003776699,0.003453135,0.003830415,0.004184474,0.003645584,0.003922873,0.003757403
620.0297852,0.003884947,0.003960019,0.003831956,0.003863295,0.003960358,0.004241691,0.003699049,0.003646445,0.003663701,0.00400119
618.9988403,0.003374368,0.004211343,0.003832295,0.004351336,0.003573699,0.003583722,0.003677746,0.003705184,0.00369803,0.003725888
617.9675903,0.004113388,0.004176397,0.004115871,0.003853188,0.004157867,0.004240958,0.003967307,0.004190668,0.00450997,0.003716202
616.9360352,0.003931885,0.004225928,0.004102831,0.004066013,0.003983086,0.00353797,0.003640885,0.003723904,0.003611807,0.003780433
616.0516357,0.003695368,0.004254107,0.004580859,0.004284745,0.004115531,0.00392269,0.003908559,0.003949517,0.003915533,0.003743851
615.0195923,0.004625229,0.004723064,0.004583135,0.005079004,0.004830685,0.004698492,0.004358605,0.004400494,0.004559748,0.004389904
613.9871826,0.004074296,0.00379913,0.004375862,0.004622953,0.004102596,0.003828169,0.004321347,0.003860684,0.004489307,0.004400285
612.9545288,0.004180266,0.004561265,0.004393591,0.00414744,0.004218505,0.004325713,0.003865672,0.003712312,0.004334759,0.003982067
612.0691528,0.004619735,0.005183334,0.004719479,0.004425494,0.004586065,0.004659505,0.004211108,0.004306601,0.004373692,0.004355728
611.0359497,0.003992673,0.004461715,0.004467442,0.004351205,0.004457817,0.00421942,0.0041229,0.003894742,0.004166414,0.00402345
610.0025024,0.004140148,0.004584914,0.004397958,0.004621357,0.004286549,0.004396415,0.004511827,0.004220204,0.004102778,0.004271543
608.968689,0.004651001,0.004603358,0.004667668,0.004228046,0.004633576,0.004578609,0.00398413,0.004303621,0.004235678,0.004198274
607.9346313,0.004361507,0.004913905,0.004502856,0.004870002,0.004502097,0.004710451,0.004522682,0.004496709,0.00444971,0.004252565
607.0480957,0.004400311,0.004888851,0.004675099,0.004720788,0.004695902,0.005014188,0.004730523,0.004447304,0.004506072,0.004227131
606.0134888,0.004159227,0.00465626,0.004572514,0.004564064,0.004214558,0.004370057,0.004565503,0.004078686,0.004372149,0.004119973
604.9785767,0.004036618,0.004907569,0.004754809,0.004983105,0.004830815,0.004637971,0.004856285,0.004439328,0.004458288,0.004143154
603.9434204,0.005093331,0.005759993,0.005333598,0.005366671,0.004999052,0.005351339,0.004953151,0.005109334,0.004874086,0.004909428
603.0559082,0.004329608,0.004621095,0.004912177,0.004698047,0.004620939,0.004759153,0.004894584,0.004355179,0.004422042,0.004540652
602.0202026,0.004553104,0.004986378,0.005221006,0.005130943,0.004659583,0.005025998,0.004735521,0.004364043,0.004521034,0.004592213
600.9842529,0.003863139,0.004879478,0.004728481,0.00509815,0.004651158,0.004652544,0.004349427,0.004366423,0.004297608,0.004107247
599.947998,0.004419767,0.005192528,0.004772343,0.004948595,0.004520929,0.004894689,0.004483004,0.004461688,0.004631038,0.004309764
599.0595093,0.004037663,0.004819351,0.004572933,0.004780457,0.004800584,0.004566262,0.004804222,0.004204468,0.004493753,0.003733616
598.0227051,0.004167694,0.004936866,0.005016544,0.004946422,0.004809195,0.004529038,0.004933985,0.004148406,0.004426461,0.003967725
596.9856567,0.004341844,0.005503524,0.004911234,0.005406509,0.005057424,0.004933305,0.004962263,0.004474111,0.004627375,0.004092143
595.9483032,0.004426618,0.005172881,0.005145009,0.004927728,0.005288736,0.004996643,0.005210579,0.004617224,0.00472419,0.00440507
595.0588989,0.004253192,0.005178854,0.005161486,0.005063421,0.005091785,0.005136051,0.004760514,0.004404155,0.004594698,0.004287725
594.0210571,0.004327046,0.004986248,0.005253468,0.005655656,0.004846129,0.005113498,0.005114625,0.004545465,0.004627087,0.004185493
592.9829102,0.004314287,0.005375477,0.005366828,0.005478252,0.005145952,0.004910239,0.004929822,0.004356068,0.004807808,0.004158468
591.944458,0.004305608,0.005628173,0.00556372,0.005556509,0.005560206,0.005636669,0.005027098,0.004216936,0.004893746,0.004367076
591.0541382,0.004488078,0.005361089,0.005733814,0.005668296,0.005714562,0.005337057,0.005334541,0.004858065,0.005015183,0.004256434
590.0151978,0.004338995,0.005518283,0.005431802,0.005806451,0.005470859,0.004959723,0.004961137,0.004528986,0.004231261,0.004364278
588.9759521,0.004432188,0.005611757,0.005151925,0.005749212,0.005444174,0.005403783,0.004985514,0.004384622,0.004912779,0.004327569
587.9364624,0.004519465,0.005733368,0.006031259,0.00607948,0.005622063,0.005420584,0.005017566,0.004531366,0.00482969,0.004306967
587.0452271,0.004333948,0.005710942,0.005453165,0.00603664,0.005644641,0.005651512,0.005490258,0.004874086,0.004844768,0.004594803
586.005188,0.004739054,0.005724214,0.006351603,0.006148971,0.006033306,0.005997926,0.005673043,0.005032204,0.005328566,0.004469639
584.9649048,0.003962944,0.005493719,0.005843338,0.00582416,0.005632867,0.005493797,0.005286509,0.004531183,0.004602337,0.004246945
584.072937,0.004730235,0.006109827,0.006101373,0.006195472,0.005955226,0.006039055,0.005450675,0.004963231,0.005012564,0.004590931
583.0321655,0.004593992,0.006038242,0.006582343,0.006431253,0.006422268,0.006269525,0.0056041,0.00508254,0.005324688,0.004773861
581.9910889,0.004995831,0.006365341,0.006293608,0.006789095,0.00664884,0.006356068,0.005693606,0.005196144,0.004978235,0.004625387
580.949707,0.004621069,0.00658513,0.006358091,0.006880607,0.006349002,0.005937853,0.005776073,0.005039642,0.005286482,0.004875395
580.0568848,0.005113996,0.006769375,0.007129129,0.006960854,0.007010809,0.006353756,0.006234519,0.005363971,0.005430622,0.004914114
579.0150146,0.004926995,0.006954226,0.006933499,0.006772425,0.007151049,0.006547864,0.006302722,0.005086704,0.005244743,0.004671043
577.9728394,0.004804745,0.006893547,0.007067294,0.007004495,0.006820544,0.006454741,0.006077668,0.005283181,0.005188992,0.004828486
576.9304199,0.004813645,0.007071688,0.007377239,0.007236399,0.007146233,0.006735486,0.006038635,0.005409942,0.005204763,0.004968625
576.0367432,0.004965745,0.007349647,0.007164339,0.00735457,0.007186945,0.006609362,0.006463831,0.005417963,0.005153182,0.005043701
574.9937744,0.004578662,0.006731043,0.007244743,0.007020727,0.007289676,0.006635961,0.006393396,0.005274246,0.005332052,0.004803934
573.9505615,0.00477941,0.007349883,0.007908497,0.007398566,0.007528344,0.007038774,0.00631286,0.005297724,0.005384571,0.005303908
573.0562134,0.005208536,0.007536113,0.008040589,0.007583921,0.007785722,0.007124524,0.006654098,0.005517838,0.005572136,0.005199104
572.0125122,0.004864478,0.007144917,0.007746456,0.007975461,0.007406939,0.007249981,0.006358459,0.005603628,0.005410519,0.005272962
570.9685059,0.005603523,0.007841728,0.008632939,0.008480843,0.007844337,0.007936257,0.007068478,0.005934127,0.006102528,0.005195934
570.0734863,0.005263162,0.007957796,0.008503835,0.008643185,0.007800375,0.007750224,0.006792145,0.005638426,0.005446534,0.005511415
569.0289917,0.00533897,0.008005756,0.008317717,0.008380706,0.00792463,0.007599016,0.006940995,0.005886368,0.00630309,0.00538486
567.9842529,0.005444069,0.008581399,0.008973284,0.008843364,0.008577095,0.007836615,0.007472562,0.005908121,0.00614674,0.005721696
566.93927,0.005231014,0.008880563,0.009421495,0.00923739,0.008709047,0.00812796,0.007571119,0.006305821,0.00623444,0.005558791
566.043335,0.005765974,0.00893827,0.009162406,0.009393269,0.008959066,0.008511174,0.007504692,0.006529626,0.006302249,0.005563091
564.9978638,0.005630166,0.009048685,0.009029523,0.009442764,0.008741797,0.008432725,0.007296599,0.005948245,0.006218842,0.005456468
563.9520874,0.005470283,0.008881409,0.009445912,0.009550793,0.009141784,0.008692567,0.007619669,0.006621084,0.006418747,0.005771535
563.055481,0.005708503,0.009383112,0.009996767,0.009557118,0.009447156,0.008790901,0.007514252,0.006780313,0.006586496,0.005884269
562.0092163,0.005773738,0.00984684,0.009638813,0.010241008,0.009794255,0.008700438,0.007940897,0.006545472,0.006848655,0.005870074
560.9627075,0.005340018,0.009796558,0.009748824,0.010025349,0.009809637,0.009102712,0.008043753,0.006486165,0.007096447,0.005477806
560.0654297,0.00562812,0.010149289,0.01050663,0.010303085,0.0101539,0.009037346,0.008338563,0.007117182,0.00679396,0.006144692
559.0184326,0.006147658,0.010971825,0.011357025,0.010923403,0.011092848,0.00971388,0.009153945,0.007227503,0.007031145,0.006566155
557.9711304,0.00550022,0.010488597,0.010989506,0.010946764,0.010573651,0.009548333,0.008920619,0.007034117,0.007112261,0.006324758
557.0732422,0.006112531,0.010745135,0.011111624,0.011617188,0.010849163,0.010133523,0.008875887,0.007131444,0.007437774,0.006525632
556.0255127,0.005849897,0.010533469,0.010942278,0.01162349,0.010964524,0.010438452,0.009076676,0.007134418,0.007401331,0.006419351
554.977478,0.005986745,0.010888604,0.011523955,0.011967357,0.011341321,0.010505701,0.008916814,0.007347224,0.007557817,0.006485166
553.9291382,0.006220916,0.011410624,0.012197294,0.012296665,0.012010094,0.01065705,0.009311276,0.00778862,0.007618115,0.00666059
553.0303955,0.00649234,0.011428722,0.012274402,0.012039687,0.011834997,0.01106016,0.009485967,0.007582999,0.007759606,0.006770085
551.9816284,0.006785072,0.012606475,0.012647461,0.013193962,0.012558084,0.011562873,0.010073326,0.008046628,0.008403983,0.007060243
550.9325562,0.00682149,0.01249382,0.012750266,0.013113196,0.012653938,0.011459631,0.010353849,0.007965389,0.008059707,0.006977084
550.0332031,0.007376712,0.013384451,0.013823638,0.013886629,0.01337121,0.012420962,0.010873793,0.008587762,0.008513919,0.0073938
548.9836426,0.006697419,0.012822167,0.013532533,0.013811318,0.013161622,0.012048416,0.01029614,0.008064692,0.008391632,0.00714697
547.9338989,0.0069905,0.013278507,0.013862656,0.014154062,0.013410454,0.011918718,0.010529676,0.008636188,0.008645456,0.007119339
547.0338745,0.007132628,0.013812922,0.014412856,0.0144025,0.014036727,0.012921599,0.011008304,0.008477069,0.008980683,0.007383479
545.9835815,0.006989553,0.01435819,0.014691778,0.014913225,0.014258267,0.01310834,0.010987887,0.009037161,0.008688025,0.007450546
544.9330444,0.007435141,0.014848772,0.015380431,0.015377346,0.014833719,0.0136921,0.011825021,0.009230594,0.009354572,0.007789253
544.0324097,0.007700843,0.015077507,0.015752573,0.01582489,0.015356777,0.01407186,0.012072077,0.009627697,0.009417818,0.008048658
542.9813843,0.007847553,0.015223272,0.016073372,0.016024567,0.015420447,0.014206991,0.012217555,0.009671157,0.009572307,0.00811
541.9301758,0.008693835,0.016348634,0.017071582,0.016772615,0.016392557,0.015313871,0.013108741,0.010400139,0.010283841,0.008523897
541.0288696,0.008591273,0.016614227,0.017347423,0.01735273,0.016531611,0.015645646,0.01296747,0.010577125,0.010372328,0.008950399
539.9771118,0.008358302,0.016632918,0.017716751,0.017864997,0.017124087,0.015672885,0.013152496,0.010438134,0.010325935,0.008717842
538.9251709,0.008575088,0.017008934,0.018149033,0.018049343,0.017458163,0.016067464,0.013550533,0.010797172,0.010577364,0.008971063
538.0232544,0.008841753,0.017588342,0.018525636,0.018679319,0.017756255,0.016402099,0.013898202,0.010675276,0.0108765,0.008912217
536.9707642,0.009113049,0.018552326,0.019103093,0.019240584,0.018126875,0.017072255,0.014327181,0.011472867,0.011241187,0.009508775
536.0684814,0.009375758,0.018871607,0.019635873,0.019944189,0.018778535,0.017480019,0.01460388,0.011586268,0.011503859,0.009708956
535.015564,0.009669251,0.019049564,0.020412095,0.01999913,0.019481121,0.018014614,0.015122212,0.012073434,0.011686268,0.009982304
533.9623413,0.010025588,0.019991783,0.020657759,0.020858178,0.020048818,0.018448005,0.01565147,0.011943276,0.012225303,0.010196087
533.0594482,0.010283841,0.020251641,0.021141138,0.021378975,0.020455318,0.018895779,0.016168717,0.012706017,0.012428872,0.010433176
532.0057983,0.010522091,0.020822763,0.022082953,0.022295147,0.021158585,0.019516263,0.016687522,0.013078087,0.012565997,0.010977214
530.9519043,0.010896355,0.02127544,0.022519523,0.022638518,0.021359045,0.019970208,0.016864695,0.013447405,0.013120559,0.011250007
530.0483398,0.011545327,0.022280868,0.023296032,0.023535,0.022268906,0.020888273,0.01766954,0.014116034,0.013787269,0.011814434
528.9939575,0.011354979,0.021841271,0.023705091,0.023717996,0.02276071,0.020957131,0.017823594,0.013935943,0.013955002,0.011595014
527.9393921,0.011898551,0.023006042,0.024330657,0.024404364,0.023411088,0.021334928,0.018504133,0.014491295,0.014322606,0.012285559
527.0352173,0.01233677,0.023831494,0.024878718,0.025100676,0.024082003,0.021543927,0.018758316,0.014945883,0.014699277,0.012468831
525.9801636,0.012600372,0.024366906,0.025550699,0.025530767,0.024606491,0.022812516,0.01923934,0.01534176,0.015167084,0.013095587
524.9248047,0.01301548,0.025106573,0.026290983,0.026355093,0.025460383,0.023474555,0.019791955,0.01578591,0.015603221,0.013137928
524.0200806,0.01326623,0.025826897,0.026787998,0.027193362,0.026010174,0.024183363,0.020569405,0.016254999,0.015800461,0.013594173
522.9642944,0.013628709,0.026612291,0.027834326,0.02799399,0.026702572,0.024849772,0.020729978,0.016985353,0.016586417,0.014087636
522.059082,0.014550743,0.027464597,0.028788019,0.02924462,0.02787015,0.025703428,0.021818951,0.017680027,0.01719922,0.014516106
521.0028687,0.014554651,0.028067933,0.02939162,0.029404832,0.0282731,0.026309988,0.022122664,0.017871793,0.017451212,0.014829218
519.9463501,0.015368577,0.028398326,0.030083496,0.030355683,0.02884265,0.026834505,0.022884902,0.018402226,0.017887736,0.015305317
519.0406494,0.015542503,0.029136896,0.0306629,0.030886,0.029457824,0.027424172,0.023352573,0.018558567,0.018077001,0.01582532
517.9837036,0.01599865,0.030658845,0.031723462,0.032091901,0.030667983,0.028487984,0.024122007,0.019518293,0.019081725,0.016634641
516.9265137,0.017090779,0.031432692,0.03299981,0.033242501,0.031827737,0.029539334,0.025401974,0.020243775,0.020088155,0.017267389
516.0201416,0.016525695,0.031476382,0.033128638,0.033368774,0.031769246,0.029570673,0.025238598,0.020282125,0.020066168,0.016948316
514.9624634,0.017977731,0.032737292,0.034310143,0.034403916,0.033205055,0.030574847,0.026032766,0.021274162,0.020716129,0.018072657
514.0557251,0.01816342,0.033419766,0.034805629,0.034921616,0.033145655,0.030579431,0.026755923,0.021629324,0.021137115,0.018331826
512.9976807,0.018993475,0.034581181,0.036241371,0.036096342,0.034791663,0.03248604,0.027787244,0.022746034,0.022352103,0.019358575
511.9393005,0.019367453,0.03520168,0.037065074,0.036962971,0.035681825,0.033078827,0.028439475,0.023000475,0.022882637,0.019895976
511.0319824,0.019983625,0.035888962,0.037433729,0.037655905,0.036340572,0.033829689,0.028812997,0.02386803,0.023333671,0.020314567
509.9732056,0.020758459,0.036746588,0.038527779,0.038932219,0.037382096,0.034696627,0.029774692,0.024627887,0.023991527,0.021006577
509.0654602,0.021114722,0.037587959,0.039203551,0.039089616,0.03775204,0.035069227,0.029830724,0.024558553,0.024233395,0.021286152
508.0062561,0.021476498,0.038359586,0.040067781,0.039840452,0.038525287,0.035325546,0.030836947,0.025337867,0.024900649,0.021872032
506.9467773,0.022179106,0.038818866,0.040756248,0.040965907,0.039289176,0.03638358,0.031627677,0.026023999,0.025666874,0.022051958
506.0384521,0.023181662,0.040100314,0.04182402,0.042030089,0.040304031,0.037700456,0.032497868,0.026949234,0.02653653,0.02328426
504.9785461,0.023351125,0.040836096,0.042680349,0.042851079,0.041106198,0.038673397,0.033181362,0.027508195,0.027206149,0.024054533
504.0698547,0.024629777,0.042100616,0.043951087,0.043987293,0.041571587,0.039395936,0.034092978,0.028319517,0.027917352,0.024893137
503.0095215,0.024537407,0.042237252,0.043843545,0.044258304,0.04258246,0.039747201,0.034501635,0.028446883,0.028000753,0.02487562
501.9489136,0.024942044,0.043300267,0.045444164,0.0455097,0.043628287,0.040972106,0.035663195,0.029815502,0.029100966,0.025787668
501.0396423,0.026686525,0.044574026,0.046354298,0.046752289,0.044996604,0.041990336,0.036364891,0.030840088,0.030170174,0.027018951
499.9786072,0.026810355,0.045381226,0.04695347,0.047317628,0.045489866,0.042612724,0.037390221,0.031338807,0.030679319,0.027458696
499.0689697,0.027502073,0.046192721,0.047797788,0.048116557,0.045997705,0.043067124,0.037906408,0.031898074,0.03139526,0.028072435
498.0075073,0.029135069,0.047229309,0.049364116,0.049686272,0.047776315,0.044881601,0.039143238,0.033327855,0.032879867,0.029338276
496.9458008,0.029375942,0.047706511,0.049464531,0.049238611,0.048063148,0.045140531,0.039622519,0.033532221,0.032927953,0.02935265
496.0355835,0.030179387,0.048752517,0.050195239,0.050758798,0.048490785,0.045600202,0.040161781,0.03446649,0.033865314,0.030058086
494.9734192,0.030871354,0.049520522,0.051353361,0.051727559,0.049630523,0.046907093,0.041178368,0.035212066,0.034574844,0.031317938
494.0628357,0.031707559,0.050424911,0.052130535,0.052584287,0.050616022,0.047671724,0.04222795,0.036075637,0.03544344,0.031847291
493.0002747,0.032442972,0.051651105,0.053368386,0.053673022,0.051474724,0.048744436,0.04304726,0.036765434,0.036362328,0.032822743
491.937439,0.033507753,0.051929776,0.054142199,0.054147594,0.052490711,0.049608845,0.044016197,0.037791234,0.03715476,0.033631757
491.0262756,0.033999972,0.052742854,0.054480102,0.054958142,0.05323967,0.050128061,0.044377185,0.038427565,0.037536927,0.034111261
489.9630432,0.035329171,0.053906478,0.055893928,0.05622533,0.05444603,0.051534209,0.045853119,0.039581232,0.039080016,0.035585672
489.0515137,0.036409985,0.05484511,0.05692156,0.057131376,0.055408623,0.052436296,0.046829354,0.040671326,0.040173255,0.036735095
487.987854,0.037272248,0.055684209,0.057213139,0.057831042,0.055938475,0.052957471,0.047471307,0.041388147,0.040808339,0.037395526
487.0759583,0.038017321,0.05621602,0.058185261,0.058499519,0.056628551,0.053814668,0.048258141,0.042194858,0.041746244,0.037944969
486.0118713,0.038985539,0.057366047,0.059000302,0.059315387,0.057592511,0.054484181,0.049206257,0.043309733,0.042713705,0.039232533
484.9475403,0.039965682,0.057902437,0.059918165,0.06017983,0.058258463,0.055592936,0.050199103,0.044356,0.043654792,0.040390868
484.0350647,0.040810615,0.058632556,0.060327213,0.060243282,0.058803007,0.056007203,0.050499897,0.044819716,0.044340402,0.041008718
482.9703369,0.041797742,0.059567038,0.06086218,0.061356962,0.059491422,0.056993365,0.051572714,0.045801051,0.045067471,0.042126626
482.0574951,0.042756293,0.059999771,0.061573017,0.062033672,0.060310319,0.057323065,0.052371312,0.046852764,0.046006422,0.042733043
480.9923401,0.044281494,0.060709614,0.062630184,0.062707491,0.061207887,0.058593597,0.053759325,0.048001938,0.047687124,0.044344932
479.9269409,0.046085082,0.062359959,0.063804723,0.064245604,0.062757619,0.059948653,0.0552161,0.049760666,0.049150798,0.046281692
479.0135498,0.046238009,0.062004887,0.06373439,0.063793093,0.062536784,0.059890471,0.054950945,0.049599964,0.049275406,0.046408359
477.9477234,0.047345024,0.062834881,0.064555235,0.064444482,0.063299209,0.060612842,0.055912007,0.050835006,0.050559975,0.047716159
477.0339966,0.04848928,0.063716851,0.065062933,0.065183923,0.063575804,0.061484344,0.056989647,0.05197132,0.051454499,0.048938081
475.9677429,0.049758576,0.064116262,0.065623797,0.065645531,0.064212859,0.06196025,0.057345457,0.052902468,0.05270442,0.050017152
475.0536499,0.050674923,0.064567819,0.066014506,0.066127382,0.064690262,0.062640712,0.058539327,0.053687319,0.053718194,0.050885294
473.9869995,0.052171342,0.06505055,0.066381112,0.066660732,0.065194629,0.063310593,0.059230797,0.05476702,0.05479157,0.052135702
473.0725403,0.053600416,0.06565237,0.067120232,0.067060895,0.066136934,0.063845411,0.060070839,0.056175243,0.055983968,0.053663768
472.0054932,0.055048607,0.066230178,0.067652293,0.067444406,0.066244468,0.064577222,0.061196353,0.057089422,0.057307735,0.055024363
470.9381714,0.056327756,0.066897288,0.067856915,0.068090014,0.067054704,0.065156102,0.061815146,0.058464184,0.058395483,0.05636837
470.0231934,0.057433318,0.067231543,0.068389282,0.068220899,0.067126997,0.065789305,0.062610306,0.059730046,0.059525739,0.057687398
468.9554749,0.059287526,0.067954592,0.068368979,0.068520196,0.067572959,0.06625282,0.063763589,0.060682673,0.060547933,0.059225217
468.0401306,0.06060829,0.068562001,0.068856768,0.069097169,0.068420671,0.067159809,0.064620145,0.06227041,0.062281854,0.060687613
466.9720154,0.062504858,0.068979636,0.069589905,0.069572836,0.068881489,0.068015926,0.065962948,0.063644946,0.063902177,0.062646218
466.0563049,0.063623518,0.068960674,0.069272198,0.069447644,0.069041207,0.06843628,0.066683546,0.064763367,0.064857818,0.063867569
464.987793,0.06595403,0.069876648,0.069957048,0.069959179,0.069434941,0.068783037,0.067601964,0.066591717,0.066502795,0.06594912
464.0717468,0.067533217,0.070266649,0.070382059,0.070454665,0.069954522,0.069574505,0.06824974,0.067837156,0.068130463,0.067187004
463.0028076,0.069326065,0.070479602,0.070206031,0.070464648,0.070258826,0.070197389,0.069362603,0.069346838,0.069618076,0.068934493
461.9336548,0.071394064,0.070774913,0.070900671,0.070119806,0.070729613,0.070822142,0.070467241,0.071265049,0.071300499,0.071230888
461.0170593,0.073336042,0.071071468,0.070466049,0.070393443,0.070736073,0.071302019,0.071626619,0.072483458,0.072942913,0.072988451
459.9475098,0.075400233,0.071496956,0.071086071,0.071050644,0.071265385,0.071635872,0.07286606,0.074438125,0.074590214,0.075287044
459.0305786,0.077443153,0.071330361,0.070904084,0.070506483,0.0712405,0.072142079,0.07366477,0.075649858,0.076391354,0.077188842
457.9606018,0.079999581,0.072195016,0.071429156,0.071127906,0.071462445,0.073269174,0.075112835,0.078036815,0.078606971,0.079713792
457.043335,0.08233653,0.072292596,0.070948645,0.070545465,0.072200336,0.073377781,0.076369934,0.079847574,0.08031626,0.081653267
455.9729919,0.084799901,0.072335832,0.070859656,0.070581637,0.071694247,0.074003667,0.077268347,0.081846215,0.082330808,0.084317297
455.0553589,0.087193586,0.072377577,0.070944406,0.070671827,0.07184846,0.074134447,0.07865639,0.083658494,0.084409498,0.086720899
453.9845886,0.090860076,0.072941318,0.071307726,0.071050674,0.072823912,0.075348005,0.080194443,0.086321913,0.087255456,0.089755557
453.0666504,0.092643671,0.072841913,0.070758283,0.070417494,0.072278932,0.07541085,0.081205882,0.08789964,0.088876858,0.091947168
451.9954834,0.09583687,0.073129646,0.07107497,0.070458226,0.072664179,0.07620278,0.082949147,0.09085121,0.091522716,0.094998144
450.9241028,0.09986639,0.073593646,0.070956908,0.070248239,0.073272944,0.077071704,0.084795177,0.093659274,0.09492135,0.099035874
450.0056152,0.102909036,0.073823035,0.070374966,0.07025715,0.073173635,0.077433564,0.08632084,0.095770545,0.097194649,0.101971224
448.9338684,0.107138999,0.073919415,0.070507251,0.070259251,0.073087983,0.078600481,0.08825811,0.099242114,0.100533553,0.105994627
448.0150452,0.110203423,0.07425347,0.070421726,0.069694869,0.073167935,0.078613944,0.089641877,0.101644963,0.102991983,0.108863689
446.9428711,0.114683941,0.074809447,0.070702344,0.06998083,0.073690869,0.080060177,0.091924392,0.10513933,0.10675475,0.113361456
446.0237122,0.118966572,0.074968837,0.070483349,0.069992177,0.073639654,0.0808549,0.093821943,0.108377129,0.110192545,0.117432505
444.9511719,0.12460921,0.075185373,0.070273004,0.069787391,0.074220821,0.081848904,0.096377663,0.112604559,0.114957884,0.122904725
444.0316772,0.129580095,0.075658731,0.070210718,0.069679432,0.07478334,0.082790747,0.098893613,0.116650194,0.118784688,0.127740607
442.9587402,0.135525063,0.076400213,0.070408516,0.069604434,0.075150929,0.084429778,0.101730645,0.121423572,0.123773947,0.133500725
442.0389099,0.140279755,0.076739639,0.070239991,0.069676757,0.075338401,0.085042804,0.104267225,0.124967627,0.127670616,0.137961239
440.9655762,0.1464459,0.077296957,0.070137389,0.069636762,0.0757256,0.086765401,0.107148178,0.129876405,0.132673532,0.144012764
440.0454407,0.153604686,0.077722408,0.070018545,0.069250189,0.076327533,0.088012643,0.110532969,0.13532126,0.138378725,0.150884464
438.9717102,0.161046147,0.078755684,0.070435397,0.069553293,0.076872423,0.089953065,0.114429176,0.141453877,0.144755304,0.158467561
438.051239,0.167551577,0.079249635,0.070175633,0.069500558,0.077484518,0.091304846,0.11764098,0.146411374,0.149870813,0.164431095
436.9771423,0.175130084,0.080121875,0.07071697,0.069712467,0.077965751,0.093161792,0.121366158,0.15239878,0.156159475,0.171803474
436.0563049,0.181579575,0.08093901,0.070664518,0.069576025,0.078808196,0.094449729,0.124622732,0.157514274,0.161596119,0.17857118
434.981842,0.191732228,0.081884503,0.071065828,0.069791101,0.079890229,0.096860826,0.129507184,0.165729612,0.169766665,0.188064575
434.0606995,0.200655431,0.082688496,0.070897684,0.06951347,0.080460832,0.098853759,0.133750722,0.172017142,0.176774785,0.196348518
432.9858398,0.210030749,0.08366631,0.071438365,0.06974262,0.081446655,0.101159267,0.138826937,0.180120722,0.184920356,0.205780268
432.0643616,0.218078122,0.084892206,0.071413316,0.070106752,0.08234939,0.10293784,0.14290984,0.18632032,0.191475883,0.21387139
430.9891357,0.228065223,0.086060844,0.071740717,0.070280857,0.083488986,0.105655752,0.148104757,0.194351465,0.20007503,0.223816678
430.0673218,0.238917455,0.087146379,0.07200221,0.070952274,0.084544644,0.107901432,0.153168514,0.202636287,0.208573297,0.233636186
428.9916992,0.251508713,0.088847347,0.072738051,0.07114327,0.085880965,0.111213662,0.159222379,0.212378383,0.218952194,0.246096313
428.0695801,0.261468619,0.090255775,0.073052056,0.071458109,0.086777508,0.113795638,0.164451838,0.22024031,0.227081001,0.255698472
426.9935913,0.273174405,0.091829851,0.073584601,0.071770705,0.088327579,0.116527326,0.170765832,0.230229855,0.237001002,0.267505378
426.071167,0.282588065,0.093094528,0.074374683,0.072662704,0.089563668,0.119187228,0.17559576,0.237466276,0.244789973,0.276598513
424.994812,0.295401931,0.094750315,0.074633643,0.072874516,0.091149695,0.122377962,0.182260782,0.247668818,0.255465955,0.288768798
424.072052,0.307964534,0.096486814,0.075394012,0.073496543,0.092738166,0.125611469,0.18875061,0.257604659,0.266181141,0.301002562
422.9953003,0.321301937,0.098404936,0.075895064,0.074298471,0.09449143,0.129230127,0.195818901,0.26815483,0.276898921,0.314257294
422.0722351,0.332707256,0.100119241,0.076868899,0.075011879,0.095836453,0.132067695,0.201508895,0.277219564,0.2862584,0.324893594
420.9951172,0.344867468,0.10150063,0.077713057,0.075507864,0.097427934,0.135289028,0.207758352,0.287006319,0.296685159,0.337569982
420.0717163,0.356890023,0.103412658,0.078641467,0.076524518,0.099636838,0.138835341,0.214358658,0.296989709,0.306928486,0.349333853
418.9942322,0.37254262,0.10608758,0.079355896,0.07682018,0.101112932,0.143008053,0.222409606,0.309118301,0.319886625,0.364652336
418.0705261,0.387544483,0.10776744,0.080329657,0.078000598,0.103252009,0.146596104,0.229754344,0.320764899,0.331882298,0.378362536
416.9927063,0.403272152,0.111166745,0.081730776,0.079525851,0.105858117,0.15143925,0.238685474,0.333821476,0.34549588,0.394300461
416.0686646,0.416026294,0.112894103,0.082394794,0.080457337,0.107784361,0.154765576,0.245387852,0.344205439,0.355872303,0.406667978
414.990448,0.432490736,0.115744382,0.083976917,0.081221111,0.110170126,0.159508318,0.253980845,0.357315898,0.369460464,0.422835916
414.0661316,0.446751893,0.117830165,0.085102186,0.082433008,0.112172,0.163454667,0.261856556,0.369237989,0.381521881,0.437517881
412.9875488,0.465171665,0.121037483,0.086353213,0.084132038,0.115287118,0.168508485,0.271329194,0.384000838,0.397128046,0.454216719
412.0628967,0.479553908,0.123611674,0.088029794,0.085409544,0.117469214,0.17279008,0.278956711,0.395442158,0.409128457,0.468753099
410.9839783,0.497054189,0.126375884,0.089839906,0.086973481,0.120413505,0.178094775,0.288662404,0.409646094,0.423454016,0.485636115
410.059021,0.510051727,0.128654525,0.090871409,0.087964267,0.122500956,0.181817234,0.295830309,0.419958711,0.434158802,0.498732388
408.9797363,0.527194023,0.131856218,0.09219116,0.089392699,0.125210345,0.186559498,0.304975867,0.433243245,0.449204296,0.515490592
408.0544739,0.544554055,0.13527298,0.09399987,0.091660447,0.128562033,0.191532537,0.314254671,0.44734335,0.463510811,0.532641232
406.974823,0.561006188,0.137923747,0.095566727,0.092801437,0.130978108,0.196732327,0.323282003,0.461036742,0.477196932,0.548643768
406.0492554,0.575775564,0.140763119,0.097527273,0.094453461,0.133706838,0.201042697,0.331235588,0.472796023,0.489787549,0.563465178
404.9692383,0.591465592,0.143624052,0.098909177,0.095940851,0.136674568,0.205841675,0.33977747,0.485454828,0.502704561,0.578175306
404.0433655,0.604157627,0.14619717,0.100794368,0.097811416,0.13884443,0.210056365,0.346742034,0.495860755,0.514260888,0.59051913
402.9630127,0.620936871,0.149653301,0.1028018,0.099444702,0.142355248,0.214903787,0.356457919,0.50935781,0.528111517,0.60751152
402.0368347,0.634999514,0.152266324,0.104042336,0.10089092,0.144690827,0.219259709,0.363708884,0.5206213,0.539370716,0.620603383
400.9561157,0.650860488,0.155482754,0.106079318,0.103063583,0.14772895,0.223886758,0.372003377,0.533370018,0.552734375,0.634823978
400.0296326,0.661770225,0.157896295,0.107550159,0.104482018,0.150238991,0.228098795,0.378848255,0.542688251,0.562118888,0.647001386
398.9485779,0.675848723,0.160959512,0.109600566,0.106617011,0.153307468,0.232530713,0.386013031,0.554437578,0.57350117,0.660052478
398.0217896,0.686735094,0.163668603,0.110957548,0.107780151,0.155337185,0.235788465,0.392056435,0.562557995,0.582996905,0.671312332
396.9403687,0.698921502,0.166312695,0.113077946,0.109948136,0.158088803,0.240421355,0.400143802,0.573163271,0.594356954,0.684632003
396.0133057,0.710168839,0.16860874,0.114636079,0.111494191,0.160806984,0.243782997,0.405599296,0.582104623,0.603151441,0.694329679
394.9315491,0.720612705,0.171896115,0.116688088,0.113405183,0.163536221,0.247851774,0.412287951,0.590914667,0.612510622,0.704286695
394.0041504,0.727521479,0.173387632,0.117765829,0.114562713,0.164571315,0.250383437,0.416447163,0.597397149,0.618924797,0.712249756
393.0766602,0.738468707,0.175875455,0.119570069,0.116310045,0.167690337,0.253944248,0.422069341,0.604803562,0.627416909,0.721570134
391.9943848,0.747454107,0.178735614,0.121738248,0.118418589,0.170339719,0.257532269,0.427926958,0.613040924,0.634900212,0.731958449
391.0665894,0.756288886,0.181298941,0.12356554,0.120273143,0.172657892,0.260585427,0.433298528,0.61951685,0.642592132,0.739558578
389.9839783,0.766534984,0.184640721,0.125994474,0.122607365,0.176228717,0.265398413,0.439760327,0.629045904,0.652167022,0.75027138
389.0558777,0.77395761,0.187029198,0.127821446,0.124630146,0.17851904,0.267766506,0.444249719,0.635363162,0.657774806,0.756720603
387.9729309,0.783841908,0.190084025,0.130689755,0.127276167,0.181910962,0.272297025,0.449846029,0.643006325,0.666174889,0.76638335
387.0445251,0.792154014,0.192958564,0.132919818,0.129349947,0.184447154,0.276140422,0.455193847,0.650102377,0.673642218,0.774888158
385.9612427,0.800369263,0.196224943,0.135710672,0.132068083,0.187611386,0.280267566,0.461373895,0.657965541,0.682361722,0.782911897
385.0325623,0.808896661,0.199345157,0.138185248,0.134296909,0.190663382,0.283982724,0.466393441,0.663841486,0.688004017,0.791138649
383.9489136,0.815737188,0.202331126,0.140786856,0.137503639,0.193839818,0.287350267,0.470931202,0.671035886,0.694525778,0.797968149
383.0199585,0.821187735,0.205178708,0.143176734,0.139373153,0.196705326,0.290284216,0.47472018,0.675586104,0.700173795,0.803395867
381.9360046,0.829098284,0.208724752,0.146536291,0.142724007,0.200277284,0.294480711,0.48100844,0.683535874,0.706596613,0.810109675
381.0067444,0.832903564,0.211600512,0.149311051,0.14569144,0.20307979,0.298161119,0.484279871,0.687142313,0.711263835,0.815383196
380.0773315,0.838720381,0.215300486,0.152124509,0.149328828,0.206372172,0.301250041,0.48825407,0.690991938,0.716737688,0.820607185
378.9928894,0.843341768,0.217956543,0.155163795,0.151962593,0.209739804,0.304492056,0.491627693,0.694064915,0.718741119,0.825296104
378.0632019,0.843190193,0.220104203,0.15763177,0.154454783,0.211736307,0.306761265,0.493855357,0.696802735,0.722096384,0.82593739
376.9784241,0.844500303,0.223522767,0.160637021,0.157168344,0.214831233,0.309525788,0.496290386,0.698688388,0.72326225,0.828127086
376.0484619,0.846947551,0.226540923,0.164394915,0.161486059,0.219341934,0.313566566,0.499413639,0.70117712,0.725133002,0.831354439
374.9633484,0.847061694,0.229246125,0.16734618,0.164391518,0.221503899,0.315400451,0.499899894,0.700774729,0.725771725,0.828250527
374.0331116,0.845379889,0.232201368,0.170518845,0.166822791,0.223989978,0.317192793,0.500152528,0.699564695,0.724335551,0.828476787
372.9476624,0.843523562,0.234886363,0.173754215,0.170161262,0.226856619,0.319301784,0.501121759,0.699523687,0.723416865,0.825540185
372.0171509,0.840465784,0.237209812,0.176528871,0.173125893,0.229462266,0.320601314,0.501348853,0.698262632,0.721107483,0.82107842
370.9313965,0.835268557,0.240966454,0.180402085,0.177216724,0.232791856,0.322921366,0.50232625,0.695371032,0.720092773,0.819535494
370.0005798,0.833261609,0.243598342,0.183365747,0.180760905,0.235332906,0.325684845,0.502165973,0.694228292,0.716500819,0.81662029
369.0696716,0.828779936,0.245971471,0.187317461,0.184186146,0.238392577,0.326966256,0.501488686,0.691935062,0.714405179,0.811632395
367.9833984,0.825356185,0.248065189,0.190059245,0.186772123,0.240696833,0.328210115,0.501748502,0.688677549,0.711548746,0.810223043
367.0522156,0.819867313,0.251700342,0.193341613,0.191297993,0.244042918,0.330271363,0.501247644,0.686549664,0.707356751,0.80392319
365.9656372,0.813613832,0.254897654,0.198979378,0.195250243,0.247976527,0.332707882,0.500877857,0.681111455,0.704178274,0.799397469
365.0341492,0.80836314,0.257837445,0.202357888,0.19908163,0.25114134,0.334463835,0.500032663,0.678248227,0.701277614,0.7933532
363.9472656,0.802101314,0.261409819,0.206414804,0.203403682,0.254098266,0.336348653,0.498369604,0.673605979,0.695714474,0.787289739
363.0155334,0.797686935,0.264173299,0.210249722,0.207324907,0.256982565,0.337863028,0.497911006,0.670658767,0.691660166,0.781980276
361.9283142,0.790998578,0.267076016,0.213909775,0.210938871,0.260504782,0.340051353,0.496609956,0.667143762,0.687226713,0.776482999
360.9962769,0.783325374,0.270324796,0.21877116,0.215815827,0.264031231,0.341860294,0.495248139,0.661631882,0.682248354,0.768260539
360.0641479,0.77645421,0.273397774,0.222709,0.219731644,0.267396361,0.343109518,0.494357169,0.656903923,0.676346839,0.761665702
358.9764709,0.766366899,0.277254462,0.227628484,0.224619329,0.270623922,0.344932348,0.491765857,0.650324523,0.669280589,0.752681851
358.0440369,0.760843277,0.279011279,0.230843902,0.227504775,0.272951156,0.346042961,0.490316778,0.646488786,0.665642381,0.746839464
356.9560547,0.750487864,0.281996578,0.234813958,0.232219487,0.276562065,0.347372681,0.487817466,0.639669895,0.658955157,0.736694276
356.0233765,0.739609838,0.285190553,0.23919633,0.236767098,0.2794227,0.348564118,0.484624177,0.631994128,0.650670409,0.726627052
354.9350891,0.727787733,0.287667751,0.243356332,0.240949675,0.281518787,0.348583728,0.481247217,0.62318778,0.640910208,0.715747833
354.0021362,0.716633558,0.289415002,0.246579289,0.243805319,0.284176767,0.349205017,0.477484167,0.61657846,0.63182509,0.705785096
353.0690613,0.708331406,0.291821182,0.249682024,0.247521788,0.286155999,0.349446088,0.474606603,0.608958483,0.626084507,0.695709467
351.9802856,0.694773197,0.293817103,0.253263593,0.250875711,0.288967073,0.349734992,0.470452994,0.59906733,0.616760075,0.683693051
351.0469666,0.682553291,0.295664698,0.257542402,0.254991829,0.291444242,0.350258559,0.465743125,0.590329647,0.606004834,0.670961022
349.9578857,0.667363286,0.297787696,0.259815633,0.258713394,0.293393314,0.349118769,0.460618705,0.580009699,0.594745636,0.658631444
349.024292,0.657392502,0.299767703,0.263753325,0.261321127,0.294927448,0.349720627,0.456848651,0.572158456,0.58667779,0.64709568
347.9349365,0.643351972,0.301701516,0.266779333,0.264924824,0.297304571,0.349135816,0.452408731,0.563472331,0.57624644,0.633515537
347.0010681,0.632932484,0.303035379,0.269680798,0.267893016,0.299129218,0.348890096,0.448736101,0.555369556,0.568128347,0.624922395
346.0670776,0.619403839,0.304605454,0.272851944,0.271358848,0.301275581,0.348664045,0.442731798,0.544710696,0.556950808,0.611345351
344.9772644,0.60606128,0.306583583,0.27550149,0.274136573,0.302136391,0.347720295,0.438007057,0.535106182,0.54726094,0.59815836
344.0430298,0.596718669,0.307975709,0.278411984,0.276678532,0.304270566,0.347620368,0.434487641,0.526232362,0.539078534,0.586990893
342.9529114,0.582937598,0.309154719,0.281114847,0.279601783,0.305321872,0.347397596,0.430249095,0.517655134,0.528479159,0.575181723
342.0184021,0.573356807,0.310049117,0.283297658,0.282108426,0.306615561,0.34638679,0.425093532,0.510247827,0.520219743,0.565115154
340.9279785,0.558338583,0.311717063,0.28597939,0.285125524,0.308403015,0.345233887,0.419946015,0.500076115,0.509453237,0.550053001
339.9932251,0.547086835,0.312468499,0.288630545,0.288118094,0.309875697,0.345317125,0.414942086,0.490068048,0.500207603,0.538836002
339.0583496,0.535850644,0.313414276,0.291064739,0.28987661,0.310590148,0.344447553,0.410926223,0.482725591,0.491626591,0.529069305
337.9674988,0.524360895,0.313819796,0.292969763,0.291698277,0.311121851,0.343516558,0.406550258,0.474400759,0.482618213,0.517705381
337.0323792,0.513417661,0.314795911,0.294700772,0.293802083,0.312654167,0.342114896,0.401923508,0.466193825,0.473597258,0.507665336
335.9412231,0.497354627,0.315186232,0.296909571,0.295545876,0.313140512,0.340961129,0.395158231,0.454177111,0.461274803,0.493217796
335.0058289,0.484645516,0.31590426,0.298617095,0.29812935,0.314157665,0.339542925,0.389978021,0.443701297,0.450681001,0.479581982
334.070343,0.472371876,0.31573683,0.300121427,0.299264848,0.314330012,0.337796897,0.384648234,0.435531378,0.442065269,0.467892498
332.9787598,0.461683512,0.316421688,0.30103153,0.30085966,0.314735919,0.33660993,0.379933178,0.426487535,0.43263942,0.456991881
332.0429993,0.450953126,0.316147983,0.302636802,0.301619798,0.314036161,0.334920377,0.375023633,0.418411493,0.423612773,0.447131604
330.9511414,0.436568528,0.315526694,0.303501189,0.302642703,0.314238727,0.332401365,0.36798352,0.406745553,0.411952287,0.432649285
330.0151367,0.425133526,0.315369546,0.304410726,0.303751349,0.314112604,0.330672532,0.363126516,0.397904158,0.40350765,0.421954513
328.9230042,0.413579494,0.315525889,0.30456695,0.304522753,0.313354343,0.328307986,0.357184768,0.38939777,0.393307269,0.410802007
327.9867554,0.404361337,0.314636052,0.304819763,0.304328144,0.312509567,0.326638281,0.353599012,0.382600784,0.385498196,0.401713789
327.0503845,0.39581418,0.313696355,0.304649681,0.304976612,0.312786281,0.324758351,0.349023044,0.37519446,0.378587544,0.39308098
325.9577942,0.383963198,0.312471151,0.304900408,0.30513221,0.311466605,0.32240814,0.343278587,0.365923345,0.368817657,0.381288886
325.0212097,0.373767018,0.311482608,0.304636896,0.30476898,0.310575038,0.3198075,0.338627875,0.35797438,0.3614178,0.371553153
323.9283447,0.365153045,0.310682386,0.304948598,0.304495871,0.309649825,0.318270922,0.333510786,0.351578504,0.354023039,0.362733662
322.9914856,0.35735333,0.309414357,0.304124624,0.304261863,0.308896422,0.315573216,0.329760134,0.344352633,0.347078234,0.355522484
322.0545044,0.349992037,0.308065414,0.303960085,0.303511292,0.307162732,0.3135539,0.325844616,0.33857742,0.340931684,0.347257465
320.9612427,0.339083552,0.30666098,0.302967668,0.302914798,0.305933774,0.310613453,0.320541501,0.330891639,0.332525611,0.337842733
320.0240479,0.331942499,0.305610538,0.302452058,0.302232862,0.305073679,0.308710784,0.316034615,0.324223131,0.32599479,0.330233544
318.930481,0.323359489,0.302773893,0.300221443,0.300863624,0.302684784,0.30564031,0.311014533,0.317156553,0.317979425,0.321590811
317.993042,0.31752494,0.301608175,0.2998752,0.300133705,0.300859481,0.303331465,0.307831824,0.311997861,0.313318938,0.316010207
317.055481,0.310894877,0.299897194,0.298594147,0.298380137,0.29957217,0.30134958,0.304187268,0.306804806,0.307534933,0.309192061
315.9615173,0.303432673,0.297848791,0.296695799,0.297181487,0.297318131,0.298438013,0.299582809,0.300803304,0.301206976,0.302138835
315.0237427,0.297349632,0.29583773,0.295273334,0.295502216,0.295511782,0.295576155,0.295283794,0.295867294,0.295623243,0.296356469
313.9295044,0.291399628,0.293294072,0.293123275,0.29352501,0.292995483,0.292528302,0.291754782,0.289865583,0.290229023,0.289922327
312.9914551,0.286613703,0.291501164,0.291725397,0.29217729,0.291397512,0.290145814,0.288477421,0.285816133,0.286506087,0.285137296
312.0533142,0.281969667,0.289446324,0.289865524,0.289702326,0.289253384,0.287765294,0.284895361,0.2821922,0.281909764,0.280278444
310.9586792,0.275899291,0.286263824,0.287212491,0.287502855,0.286182612,0.284267128,0.280691981,0.276536405,0.276628763,0.274020195
310.0203247,0.270615429,0.283924937,0.284821868,0.285043687,0.283666402,0.281098664,0.276812434,0.272016168,0.271947414,0.269660711
308.925415,0.265466511,0.280461431,0.281966746,0.281846196,0.280270845,0.277917385,0.272667646,0.267161071,0.267062187,0.264314115
307.9868164,0.261428028,0.278380394,0.279597104,0.279544771,0.277833611,0.274871439,0.26998961,0.263602972,0.263150454,0.260031551
307.0480957,0.257419169,0.275242448,0.276667237,0.277257055,0.274907559,0.272196442,0.266165435,0.259668976,0.258924007,0.25588727
305.9527893,0.25186792,0.271147043,0.272833049,0.273117364,0.271183938,0.267748058,0.261245966,0.254365772,0.253908932,0.250485301
305.013855,0.246981576,0.267757386,0.269574761,0.269946128,0.267551571,0.264208347,0.257346183,0.250220031,0.249547452,0.245814204
304.0747986,0.242653191,0.264450669,0.26631546,0.266056657,0.264128327,0.26080218,0.253888547,0.246023968,0.245362446,0.241129234
302.9790955,0.238502532,0.261139125,0.262820154,0.262544394,0.260734946,0.257166505,0.249559924,0.241485551,0.240763977,0.236916572
302.0398254,0.234362796,0.257810772,0.259676367,0.259998024,0.257399559,0.253716439,0.245996371,0.238059878,0.237199888,0.232955545
300.9438782,0.229821265,0.253757805,0.256040245,0.25594154,0.253548175,0.249558121,0.241850615,0.23323305,0.232564226,0.22852014
300.004364,0.225914627,0.250244677,0.252251178,0.252630323,0.250065684,0.245952502,0.238176659,0.229420811,0.2287613,0.224354208
299.0647583,0.222013652,0.246866256,0.249003664,0.249054924,0.246416464,0.242252231,0.23433806,0.225567728,0.224755853,0.220515668
297.9684143,0.218264461,0.243212879,0.245568752,0.245526478,0.243036985,0.238905072,0.230791494,0.221965447,0.22112,0.216371045
297.028595,0.215020225,0.240706116,0.242737785,0.24311319,0.240370214,0.236158267,0.227950171,0.218991235,0.218098342,0.213532195
295.9319763,0.210391015,0.236138016,0.238394409,0.23837918,0.235896424,0.231843799,0.223074049,0.214368671,0.213233367,0.208555937
294.9919128,0.206513256,0.232656837,0.234678939,0.234992817,0.232250199,0.22788915,0.219301954,0.210302904,0.209308952,0.204778686
294.0517578,0.202861384,0.229364887,0.231366262,0.231400833,0.228748187,0.224400371,0.216027722,0.206417933,0.205662787,0.201065153
292.9547729,0.198523581,0.225108117,0.227509275,0.227395386,0.22489956,0.220416665,0.211529642,0.202133298,0.201198787,0.196509898
292.0144043,0.194459409,0.221841618,0.223942295,0.224221528,0.221359029,0.216674358,0.207666218,0.198400557,0.197286829,0.192540079
291.0739441,0.189409494,0.217522457,0.220000193,0.219772175,0.216894731,0.21247071,0.203203008,0.193416804,0.192364976,0.187604323
289.9765625,0.184188038,0.213107213,0.215765625,0.215693429,0.21262075,0.207928449,0.198413238,0.188210562,0.187317312,0.182163239
289.0358887,0.179480776,0.210014135,0.212608591,0.212322086,0.209178329,0.204436153,0.194635481,0.18404609,0.1829243,0.177600235
287.9382629,0.174601883,0.206164941,0.209104881,0.20921433,0.205736488,0.20074296,0.190303743,0.179278612,0.17814295,0.172558904
286.997345,0.17106384,0.204161152,0.206762821,0.20697248,0.203642622,0.198202074,0.187402666,0.176182658,0.174682453,0.169157028
286.0563354,0.166319236,0.201235905,0.204193831,0.204169899,0.200572148,0.19493039,0.183818206,0.171573818,0.17031236,0.164458111
284.958374,0.161579549,0.198420674,0.201550841,0.201926917,0.197909147,0.192002922,0.180103704,0.167186275,0.165809661,0.159460589
284.0171509,0.157266453,0.196567684,0.199988663,0.200196624,0.195846617,0.189570233,0.176989049,0.163447246,0.162005916,0.155265376
283.0758057,0.153888896,0.195012584,0.198696896,0.198718771,0.194359601,0.187672988,0.174189612,0.160439923,0.158957943,0.151786804
281.977478,0.149185628,0.193190485,0.197075442,0.197037086,0.192586824,0.185901821,0.17149362,0.15633148,0.154733107,0.147400037
281.0359497,0.144078761,0.191773847,0.196127862,0.196271628,0.190936431,0.183615997,0.168486431,0.151887342,0.150329188,0.142262206
279.9373474,0.138907805,0.190827072,0.195621178,0.195511177,0.190039352,0.181930631,0.165224567,0.147665963,0.145717755,0.136903957
278.9956055,0.135520324,0.191130891,0.196399614,0.19605647,0.190701366,0.181574538,0.164027721,0.145059422,0.142875627,0.133593634
278.053772,0.132785514,0.190932244,0.196611002,0.196664572,0.190669358,0.181238666,0.162702337,0.14293848,0.140277505,0.130471319
276.9548035,0.129219323,0.192290127,0.19793658,0.198118568,0.191631004,0.181390196,0.161593556,0.140303746,0.13790749,0.12738952
276.0127563,0.126597747,0.193815827,0.200210497,0.200283855,0.193475202,0.182582647,0.161848247,0.138593122,0.136233851,0.124803804
275.0706177,0.125072748,0.195621595,0.202906534,0.203093588,0.195422784,0.184270889,0.162216574,0.137637004,0.135015592,0.122963958
273.9713135,0.124307923,0.199044958,0.206613541,0.20574002,0.198782802,0.187006027,0.163590014,0.138224855,0.135502324,0.123083025
273.0289612,0.125958383,0.201920375,0.209327281,0.209460422,0.201899886,0.189687282,0.165636927,0.139370054,0.137695789,0.124039114
271.9294128,0.127335027,0.20600009,0.213705555,0.213717669,0.20594798,0.193248376,0.168396786,0.14067474,0.138542831,0.125143528
270.9868774,0.127429366,0.210476577,0.217852697,0.219677329,0.210456356,0.197142154,0.171482906,0.14271225,0.139051855,0.125929743
270.04422,0.126965329,0.214453027,0.222620338,0.223207846,0.213774696,0.199854121,0.173363015,0.143034101,0.139397875,0.124899216
268.9443359,0.12495254,0.218200326,0.226878226,0.228090733,0.218642071,0.203237698,0.173917502,0.1423686,0.138132051,0.123145677
268.0014648,0.123033747,0.22266002,0.233189836,0.232913986,0.222780943,0.206530914,0.177145988,0.142434508,0.137786716,0.121960416
267.0585327,0.120484866,0.226056933,0.237101972,0.235832617,0.226845533,0.209495693,0.176650658,0.140264481,0.137572423,0.119530663
265.9582825,0.119825617,0.230572715,0.239128992,0.241802096,0.230825231,0.212314278,0.177697852,0.139162719,0.135860756,0.117000304
265.0151367,0.122849353,0.237504736,0.249486804,0.250479996,0.238399699,0.220646828,0.185504645,0.146154299,0.139799893,0.122293189
264.0718994,0.126458004,0.245014042,0.257538825,0.256037921,0.242093727,0.225932613,0.189222157,0.14852114,0.140783489,0.126682356
262.971344,0.124641664,0.249416739,0.257470131,0.260347545,0.248660818,0.227727696,0.189050108,0.146486849,0.140829951,0.124575689
262.0278931,0.126000941,0.254213691,0.271751732,0.267721325,0.253597707,0.232270658,0.197080895,0.151466101,0.141586363,0.124868192
260.9270935,0.13326487,0.276546538,0.27603212,0.283214927,0.274083942,0.244628042,0.209957197,0.162812516,0.151622653,0.13947311
259.9834595,0.138505504,0.271507174,0.288386405,0.282684237,0.27546069,0.24695611,0.210904464,0.164907709,0.157218382,0.137492806
